{
    "os": "Windows-10-10.0.19044-SP0",
    "python": "3.9.7",
    "heartbeatAt": "2023-03-14T14:53:45.039469",
    "startedAt": "2023-03-14T14:53:43.379402",
    "docker": null,
    "cuda": null,
    "args": [],
    "state": "running",
    "program": "C:\\Users\\zhouzeyu\\Desktop\\zhouzeyu\\hw\\main.py",
    "codePath": "main.py",
    "host": "SK-20210621RICV",
    "username": "zhouzeyu",
    "executable": "C:\\ProgramData\\Anaconda3\\python.exe",
    "cpu_count": 8,
    "cpu_count_logical": 16,
    "cpu_freq": {
        "current": 3201.0,
        "min": 0.0,
        "max": 3201.0
    },
    "cpu_freq_per_core": [
        {
            "current": 3201.0,
            "min": 0.0,
            "max": 3201.0
        }
    ],
    "disk": {
        "total": 177.00194931030273,
        "used": 154.61253356933594
    },
    "gpu": "NVIDIA GeForce RTX 3060 Laptop GPU",
    "gpu_count": 1,
    "gpu_devices": [
        {
            "name": "NVIDIA GeForce RTX 3060 Laptop GPU",
            "memory_total": 6442450944
        }
    ],
    "memory": {
        "total": 31.871395111083984
    }
}
